Industry,Type,Name,Link,Description
Accommodation & Food,Food,RobotChef,https://github.com/bschreck/robo-chef,Refining recipes based on user reviews.
Accommodation & Food,Food,Food Amenities,https://github.com/Ankushr785/Food-amenities-demand-prediction,Predicting the demand for food amenities using neural networks
Accommodation & Food,Food,Recipe Cuisine and Rating,https://github.com/catherhuang/FP3-recipe,Predict the rating and type of cuisine from a list of ingredients
Accommodation & Food,Food,Food Classification,https://github.com/stratospark/food-101-keras,Classification using Keras
Accommodation & Food,Food,Image to Recipe,https://github.com/Murgio/Food-Recipe-CNN,Translate an image to a recipe using deep learning
Accommodation & Food,Food,Calorie Estimation,https://github.com/jubins/DeepLearning-Food-Image-Recognition-And-Calorie-Estimation,Estimate calories from photos of food
Accommodation & Food,Food,Fine Food Reviews,https://github.com/Architectshwet/Amazon-Fine-Food-Reviews,Sentiment analysis on Amazon Fine Food Reviews
Accommodation & Food,Food,Food2vex,https://github.com/altosaar/food2vec,"Food vectors, see a live demo on the repository's blog. "
Accommodation & Food,Food,Food Detection,https://github.com/gabrielilharco/snap-n-eat,Food detection and recommendation with deep learning
Accommodation & Food,Food,Food Detection Web App,https://github.com/npatta01/web-deep-learning-classifier,Deep Learning model to classify food (Web App)
Accommodation & Food,Food,Amazon Food Review,https://github.com/krpiyush5/Amazon-Fine-Food-Review,Machine learning algorithm for amazon fine food review
Accommodation & Food,Restaurant,Restaurant Violation,https://github.com/nd1/DC_RestaurantViolationForecasting,Food inspection violation forecasting
Accommodation & Food,Restaurant,Restaurant Success,https://github.com/alifier/Restaurant_success_model,Predict whether a restaurant is going to fail
Accommodation & Food,Restaurant,Predict Michelin,https://github.com/josephofiowa/dc-michelin-challenge,Predict the likelihood that restaurant is a Michelin restaurant
Accommodation & Food,Restaurant,Restaurant Inspection,https://github.com/gzsuyu/Data-Analysis-NYC-Restaurant-Inspection-Data,An inspection analysis to see if cleanliness is related to rating
Accommodation & Food,Restaurant,Sales,https://github.com/gzsuyu/Data-Analysis-NYC-Restaurant-Inspection-Data,Restaurant sales forecasting with LTSM
Accommodation & Food,Restaurant,Visitor Forecasting,https://github.com/anki1909/Recruit-Restaurant-Visitor-Forecasting,Reservation and visitation number prediction
Accommodation & Food,Restaurant,Restaurant Profit,https://github.com/everAspiring/RegressionAnalysis,Restaurant regression analysis
Accommodation & Food,Restaurant,Competition,https://github.com/klin90/missinglink,Restaurant competitiveness analysis
Accommodation & Food,Restaurant,Business Analysis,https://github.com/nvodoor/RBA,Restaurant business analysis project
Accommodation & Food,Restaurant,Location Recommendation,https://github.com/sanatasy/Restaurant_Risk,Restaurant location recommendation tool and analysis
Accommodation & Food,Restaurant,"Closure, Rating and Recommendation",https://github.com/Lolonon/Restaurant-Analytical-Solution,Three prediction tasks using Yelp data
Accommodation & Food,Restaurant,Anti-recommender,https://github.com/Myau5x/anti-recommender,Find restaurants you don’t want to attend
Accommodation & Food,Restaurant,Menu Analysis,https://github.com/bzjin/menus,Deeper analysis of restaurants through their menus
Accommodation & Food,Restaurant,Menu Recommendation,https://github.com/rphaneendra/Menu-Similarity,NLP to recommend restaurants with similar menus
Accommodation & Food,Restaurant,Food Price,https://gist.github.com/analyticsindiamagazine/f9b2ba171a0eef9ad396ce6f1b83bbbc,Predict food cost
Accommodation & Food,Restaurant,Automated Restaurant Report,https://github.com/firmai/interactive-corporate-report,Automated machine learning company report
Accommodation & Food,Accomodation,Peer-to-Peer Housing,https://github.com/rochiecuevas/shared_accommodations,The effect of peer to peer rentals on housing
Accommodation & Food,Accomodation,Roommate Recommendation,https://github.com/SiddheshAcharekar/Liveright,A system for students seeking roommates
Accommodation & Food,Accomodation,Room Allocation,https://github.com/nus-usp/room-allocation,Room allocation process
Accommodation & Food,Accomodation,Dynamic Pricing,https://github.com/marcotav/hotels,Hotel dynamic pricing calculations
Accommodation & Food,Accomodation,Hotel Similarity,https://github.com/Montclair-State-University-Info368/Assignment-6,Compare brands that directly compete
Accommodation & Food,Accomodation,Hotel Reviews,https://github.com/EliadProject/Hotels-Data-Science,Cluster hotel reviews
Accommodation & Food,Accomodation,Predict Prices,https://github.com/morenobcn/capstone_hotels_arcpy,Predict hotel room rates
Accommodation & Food,Accomodation,Hotels vs Airbnb,https://github.com/morenobcn/hotels_vs_airbnb_proof_of_concept,Comparing the two approaches
Accommodation & Food,Accomodation,Hotel Improvement,https://github.com/argha48/smarthotels,Analyse reviews to suggest hotel improvements
Accommodation & Food,Accomodation,Orders,https://github.com/Hasan330/Order-Cancellation-Prediction-Model,Order cancellation prediction for hotels
Accommodation & Food,Accomodation,Fake Reviews,https://github.com/danielmachinelearning/HotelSpamDetection,Identify whether reviews are fake/spam
Accommodation & Food,Accomodation,Reverse Image Lodging,https://github.com/starfoe/Eye-bnb,Find your preferred lodging by uploading an image
Accounting,Machine Learning,Chart of Acount Prediction,https://github.com/darshankaarki/ml-coa-charging,Using labeled data to suggest the account name for every transaction.
Accounting,Machine Learning,Accounting Anomalies,https://github.com/GitiHubi/deepAI,Using deep-learning frameworks to identify accounting anomalies.
Accounting,Machine Learning,Financial Statement Anomalies,https://github.com/rameshcalamur/fin-stmt-anom,"Detecting anomalies before filing, using R."
Accounting,Machine Learning,Useful Life Prediction (FirmAI),http://www.firmai.org/documents/Aged%20Debtors/,Predict the useful life of assets using sensor observations and feature engineering.
Accounting,Machine Learning,AI Applied to XBRL,https://github.com/Niels-Peter/XBRL-AI,Standardized representation of XBRL into AI and Machine learning.
Accounting,Analytics,Forensic Accounting,https://github.com/mschermann/forensic_accounting,Collection of case studies on forensic accounting using data analysis.
Accounting,Analytics,General Ledger (FirmAI),http://www.firmai.org/documents/General%20Ledger/,Data processing over a general ledger as exported through an accounting system.
Accounting,Analytics,Bullet Graph (FirmAI),http://www.firmai.org/documents/Bullet-Graph-Article/,"Bullet graph visualisation helpful for tracking sales, commission and other performance."
Accounting,Analytics,Aged Debtors (FirmAI),http://www.firmai.org/documents/Aged%20Debtors/,Example analysis to invetigate aged debtors.
Accounting,Analytics,Automated FS XBRL,https://github.com/CharlesHoffmanCPA/charleshoffmanCPA.github.io,"XML Language, however, possibly port analysis into Python."
Accounting,Textual Analysis,Financial Sentiment Analysis,https://github.com/EricHe98/Financial-Statements-Text-Analysis,"Sentiment, distance and proportion analysis for trading signals."
Accounting,Textual Analysis,Extensive NLP,https://github.com/TiesdeKok/Python_NLP_Tutorial/blob/master/NLP_Notebook.ipynb,Comprehensive NLP techniques for accounting research.
Accounting,"Data, Parsing and APIs",EDGAR,https://github.com/TiesdeKok/UW_Python_Camp/blob/master/Materials/Session_5/EDGAR_walkthrough.ipynb,A walk-through in how to obtain EDGAR data.
Accounting,"Data, Parsing and APIs",IRS,http://social-metrics.org/sox/,Acessing and parsing IRS filings.
Accounting,"Data, Parsing and APIs",Financial Corporate,http://raw.rutgers.edu/Corporate%20Financial%20Data.html,Rutgers corporate financial datasets.
Accounting,"Data, Parsing and APIs",Non-financial Corporate,http://raw.rutgers.edu/Non-Financial%20Corporate%20Data.html,Rutgers non-financial corporate dataset.
Accounting,"Data, Parsing and APIs",PDF Parsing,https://github.com/danshorstein/python4cpas/blob/master/03_parsing_pdf_files/AR%20Aging%20-%20working.ipynb,Extracting useful data from PDF documents.
Accounting,"Data, Parsing and APIs",PDF Tabel to Excel,https://github.com/danshorstein/ficpa_article,How to output an excel file from a PDF
Accounting,Research and Articles,Understanding Accounting Analytics,http://social-metrics.org/accountinganalytics/,An article that tackles the importance of accounting analytics
Accounting,Research and Articles,VLFeat,http://www.vlfeat.org/,"VLFeat is an open and portable library of computer vision algorithms, which has Matlab toolbox."
Accounting,Websites,Rutgers Raw,http://raw.rutgers.edu/,Good digital accounting research from Rutgers.
Accounting,Courses,Computer Augmented Accounting,https://www.youtube.com/playlist?list=PLauepKFT6DK8TaNaq_SqZW4LIDJhCkZe2,A video series from Rutgers University looking at the use of computation to improve accounting.
Accounting,Courses,Accounting in a Digital Era,https://www.youtube.com/playlist?list=PLauepKFT6DK8_Xun584UQPPsg1grYkWw0,Another series by Rutgers investigating the effects the digital age will have on accounting.
Agriculture,Economics,Prices,https://github.com/deadskull7/Agricultural-Price-Prediction-and-Visualization-on-Android-App,Agricultural price prediction.
Agriculture,Economics,Prices 2,https://github.com/Vipul115/Statistical-Time-Series-Analysis-on-Agricultural-Commodity-Prices,Agricultural price prediction
Agriculture,Economics,Yield,https://github.com/DFS-UCU/UkrainianAgriculture,Agricultural analysis looking at crop yields in Ukraine
Agriculture,Economics,Recovery,https://github.com/vicelab/slaer,Strategic land use for agriculture and ecosystem recovery
Agriculture,Economics,MPR,https://github.com/gumballhead/mpr,Mandatory Price Reporting data from the USDA's Agricultural Marketing Service
Agriculture,Development,Segmentation,https://github.com/chrieke/InstanceSegmentation_Sentinel2,Agricultural field parcel segmentation using satellite images
Agriculture,Development,Water Table,https://github.com/jfzhang95/LSTM-water-table-depth-prediction,Predicting water table depth in agricultural areas.
Agriculture,Development,Assistant,https://github.com/surajmall/Agriculture-Assistant/tree/master/models,Notebooks from agricultural assistant
Agriculture,Development,Eco-evolutionary,https://github.com/tecoevo/agriculture,Eco-evolutionary dynamics.
Agriculture,Development,Diseases,https://github.com/gauravmunjal13/Agriculture,Identification of crop diseases and pests using Deep Learning framework from the images.
Agriculture,Development,Irrigation and Pest Prediction,https://github.com/divyam3897/agriculture,Analyse irrigation and predict pest likelihood.
Banking & Insurance,Consumer Financial,Loan Acceptance,https://github.com/Paresh3189/Bankruptcy-Prediction-Growth-Modelling,Classification and time-series analysis for loan acceptance.
Banking & Insurance,Consumer Financial,Predict Loan Repayment,https://github.com/Featuretools/predict-loan-repayment,Predict whether a loan will be repaid using automated feature engineering.
Banking & Insurance,Consumer Financial,Loan Eligibility Ranking,https://github.com/RealRadOne/Gyani-The-Loan-Eligibility-Predictor,System to help the banks check if a customer is eligible for a given loan.
Banking & Insurance,Consumer Financial,Home Credit Default (FirmAI),http://www.firmai.org/documents/Aggregator/#each-time-step-takes-30-seconds,Predict home credit default.
Banking & Insurance,Consumer Financial,Mortgage Analytics,https://github.com/abuchowdhury/Mortgage_Bank_Loan_Analtsics/blob/master/Mortgage%20Bank%20Loan%20Analytics.ipynb,Extensive mortgage loan analytics.
Banking & Insurance,Consumer Financial,Credit Approval,https://github.com/IBM-Cloud-DevFest-2018/Data-Science-for-Banking/blob/master/02-CreditCardApprovalModel/CreditCardApprovalModel.ipynb,A system for credit card approval.
Banking & Insurance,Consumer Financial,Loan Risk,https://github.com/Brett777/Predict-Risk,Predictive model to help to reduce charge-offs and losses of loans.
Banking & Insurance,Consumer Financial,Amortisation Schedule (FirmAI),http://www.firmai.org/documents/Amortization%20Schedule/,Simple amortisation schedule in python for personal use.
Banking & Insurance,Consumer Financial,Venmo Data,https://github.com/sa7mon/venmo-data,Venmo trasaction dataset for data analysis/visualization/
Banking & Insurance,Management and Operations,Credit Card,https://github.com/am-aditya/Artificial-Intelligence-for-Banking/blob/master/03_ipy_notebooks/clv_prediction.ipynb,Estimate the CLV of credit card customers.
Banking & Insurance,Management and Operations,Survival Analysis,https://github.com/am-aditya/Artificial-Intelligence-for-Banking/blob/master/01_code/01_02_clv_survival/Survival_Analysis.py,Perform a survival analysis of customers.
Banking & Insurance,Management and Operations,Next Transaction,https://github.com/am-aditya/Artificial-Intelligence-for-Banking/blob/master/01_code/01_02_clv_survival/Customer_NextTransaction_Prediction.py,Deep learning model to predict the transaction amount and days to next transaction.
Banking & Insurance,Management and Operations,Credit Card Churn,https://github.com/am-aditya/Artificial-Intelligence-for-Banking/blob/master/01_code/01_02_clv_survival/Customer_NextTransaction_Prediction.py,Predicting credit card customer churn.
Banking & Insurance,Management and Operations,Bank of England Minutes,https://github.com/sekhansen/mpc_minutes_demo/blob/master/information_retrieval.ipynb,Textual analysis over bank minutes.
Banking & Insurance,Management and Operations,CEO,https://github.com/kaumaron/Data_Science/tree/master/CEO_Compensation,Analysis of CEO compensation.
Banking & Insurance,Valuation,Zillow Prediction,https://github.com/eswar3/Zillow-prediction-models,Zillow valuation prediction as performed on Kaggle.
Banking & Insurance,Valuation,Real Estate,https://github.com/denadai2/real-estate-neighborhood-prediction,Predicting real estate prices from the urban environment
Banking & Insurance,Valuation,Used Car,https://nbviewer.jupyter.org/github/albahnsen/PracticalMachineLearningClass/blob/master/exercises/P1-UsedVehiclePricePrediction.ipynb,Used vehicle price prediction.
Banking & Insurance,Fraud,XGBoost,https://github.com/KSpiliop/Fraud_Detection,Fraud Detection by tuning XGBoost hyper-parameters with Simulated Annealing
Banking & Insurance,Fraud,Fraud Detection Loan in R,https://github.com/longtng/frauddetectionproject/blob/master/A%20Consideration%20Point%20of%20%20Fraud%20Detection%20in%20Bank%20Loans%20Project%20Code.ipynb/,Fraud detection in bank loans.
Banking & Insurance,Fraud,AML Finance Due Diligence,https://github.com/Michaels72/AML-Due-Diligence/blob/master/AML_Finance_DD.ipynb,Search news articles to do finance AML DD.
Banking & Insurance,Fraud,Credit Card Fraud,https://github.com/am-aditya/Artificial-Intelligence-for-Banking/blob/master/03_ipy_notebooks/fraud_detection.ipynb,Detecting credit card fraud.
Banking & Insurance,Insurance and Risk,Car Damage Detective,https://github.com/neokt/car-damage-detective,Assessing car damage with convolution neural networks for a personal auto claims.
Banking & Insurance,Insurance and Risk,Medical Insurance Claims,https://github.com/sharmaroshan/Insurance-Claim-Prediction/blob/master/InsuranceClaim.ipynb,Predicting medical insurance claims.
Banking & Insurance,Insurance and Risk,Claim Denial,https://github.com/slegroux/claimdenial/blob/master/Claim%20Denial.ipynb,Predicting insurance claim denial
Banking & Insurance,Insurance and Risk,Claim Fraud,https://github.com/rshea3/alpha-insurance,Predictive models to determine which automobile claims are fraudulent.
Banking & Insurance,Insurance and Risk,Claims Anomalies,https://github.com/dchannah/fraudhacker,Anomaly detection system for medical insurance claims data.
Banking & Insurance,Insurance and Risk,Actuarial Sciences ®,https://github.com/JSchelldorfer/ActuarialDataScience,A range of actuarial tools in R.
Banking & Insurance,Insurance and Risk,Bank Failure,https://github.com/Shomona/Bank-Failure-Prediction/blob/master/Bank.ipynb,Predicting bank failure.
Banking & Insurance,Insurance and Risk,Risk Management,https://github.com/andrey-lukyanov/Risk-Management,Finance risk engagement course resources.
Banking & Insurance,Insurance and Risk,VaR GaN,https://github.com/hamaadshah/market_risk_gan_keras,Estimate Value-at-Risk for market risk management using Keras and TensorFlow.
Banking & Insurance,Insurance and Risk,Compliance,https://github.com/SaiBiswas/Bank-Grievance-Compliance-Management/blob/master/The%20Main%20File.ipynb,Bank Grievance Compliance Management.
Banking & Insurance,Insurance and Risk,Stress Testing,https://github.com/apbecker/Systemic_Risk/blob/master/Generalized.ipynb,ECB stress testing.
Banking & Insurance,Insurance and Risk,Stress Testing Techniques,https://github.com/kaitai/stress-testing-with-jupyter/blob/master/Playing%20with%20financial%20data%20and%20Python%203.ipynb,A notebook with various stress testing exercises.
Banking & Insurance,Insurance and Risk,Reverse Stress Test,https://github.com/arcadynovosyolov/reverse_stress_testing/blob/master/reverse_stress_testing.ipynb,"Given a portfolio and a predefined loss size, determine which factors stress (scenarios) would lead to that loss"
Banking & Insurance,Insurance and Risk,BoE stress test,https://github.com/Karagul/BoE_stress_test/blob/master/BoE_stress_test_5Y_cummulative_imparment_charge.ipynb,Stress test results and plotting.
Banking & Insurance,Insurance and Risk,Recovery,https://github.com/hkacmaz/Bankin_Recovery/blob/master/Banking_Recovery.ipynb,Recovery of money owed.
Banking & Insurance,Insurance and Risk,Quality Control,https://github.com/mick-zhang/Quality-Control-for-Banking-using-LDA-and-LDA-Mallet,Quality control for banking using LDA
Banking & Insurance,Insurance and Risk,Corporate Credit Rating,https://github.com/govwiki/rating_history,Download and parse credit rating history files that US rating agencies generate
Banking & Insurance,Insurance and Risk,ML Risk,https://github.com/albahnsen/ML_RiskManagement,Applied Machine Learning Risk Management
Banking & Insurance,Physical,Bank Note Fraud Detection,https://github.com/apoorv-goel/Bank-Note-Authentication-Using-DNN-Tensorflow-Classifier-and-RandomForest,Bank Note Authentication Using DNN Tensorflow Classifier and RandomForest.
Banking & Insurance,Physical,ATM Surveillance,https://github.com/shivangchopra11/InfyHack,ATM Surveillance in banks use case.
Biotechnological & Life Sciences,General,Programming,https://github.com/burkesquires/python_biologist,Python Programming for Biologists
Biotechnological & Life Sciences,General,Introduction DL,https://colab.research.google.com/drive/17E4h5aAOioh5DiTo7MZg4hpL6Z_0FyWr,A Primer on Deep Learning in Genomics
Biotechnological & Life Sciences,General,Pose,https://github.com/talmo/leap,Estimating animal poses using DL.
Biotechnological & Life Sciences,General,Privacy,https://github.com/greenelab/SPRINT_gan,Privacy preserving NNs for clinical data sharing.
Biotechnological & Life Sciences,General,Population Genetics,https://journals.plos.org/ploscompbiol/article?id=10.1371/journal.pcbi.1004845,DL for population genetic inference.
Biotechnological & Life Sciences,General,Bioinformatics Course,https://github.com/ricket-sjtu/bioinformatics,Course materials for Computational Biologyand Bioinformatics
Biotechnological & Life Sciences,General,Applied Stats,https://github.com/waldronlab/AppStatBio,Applied Statistics for High-Throughput Biology
Biotechnological & Life Sciences,General,Scripts,https://github.com/mingzhangyang/Mybiotools,Python scripts for biologists.
Biotechnological & Life Sciences,General,Molecular NN,https://github.com/mitmedialab/Evolutron,A mini-framework to build and train neural networks for molecular biology.
Biotechnological & Life Sciences,General,Systems Biology Simulations,https://github.com/hallba/WritingSimulators,Systems biology practical on writing simulators with F# and Z3
Biotechnological & Life Sciences,General,Cell Movement,https://github.com/jrieke/lstm-biology,LSTM to predict biological cell movement.
Biotechnological & Life Sciences,General,Deepchem,https://github.com/deepchem/deepchem,"Democratizing Deep-Learning for Drug Discovery, Quantum Chemistry, Materials Science and Biology"
Biotechnological & Life Sciences,Sequencing,"DNA, RNA and Protein Sequencing",https://github.com/ehsanasgari/Deep-Proteomics,Anew representation for biological sequences using DL.
Biotechnological & Life Sciences,Sequencing,CNN Sequencing -,https://github.com/budach/pysster,A toolbox for learning motifs from DNA/RNA sequence data using convolutional neural networks
Biotechnological & Life Sciences,Sequencing,NLP Sequencing,https://github.com/hussius/deeplearning-biology,Language transfer learning model for genomics
Biotechnological & Life Sciences,Chemoinformatics and drug discovery,Novel Molecules,https://github.com/HIPS/neural-fingerprint,A convolutional net that can learn features.
Biotechnological & Life Sciences,Chemoinformatics and drug discovery,Automating Chemical Design,https://github.com/aspuru-guzik-group/chemical_vae,Generate new molecules for efficient exploration.
Biotechnological & Life Sciences,Chemoinformatics and drug discovery,GAN drug Discovery,https://github.com/gablg1/ORGAN,A method that combines generative models with reinforcement learning.
Biotechnological & Life Sciences,Chemoinformatics and drug discovery,RL,https://github.com/MarcusOlivecrona/REINVENT,generating compounds predicted to be active against a biological target.
Biotechnological & Life Sciences,Chemoinformatics and drug discovery,One-shot learning,https://github.com/deepchem/deepchem,Python library that aims to make the use of machine-learning in drug discovery straightforward and convenient.
Biotechnological & Life Sciences,Genomics,Jupyter Genomics,https://github.com/k2inno-tech/jupyter-genomics,Collection of computation biology and bioinformatics notebooks.
Biotechnological & Life Sciences,Genomics,Variant calling,https://github.com/google/deepvariant,Correctly identify variations from the reference genome in an individual's DNA.
Biotechnological & Life Sciences,Genomics,Gene Expression Graphs,https://github.com/mila-iqia/gene-graph-conv,Using convolutions on an image.
Biotechnological & Life Sciences,Genomics,Autoencoding Expression,https://github.com/greenelab/adage,Extracting relevant patterns from large sets of gene expression data
Biotechnological & Life Sciences,Genomics,Gene Expression Inference,https://github.com/uci-cbcl/D-GEX,"Predict the expression of specified target genes from a panel of about 1,000 pre-selected “landmark genes”."
Biotechnological & Life Sciences,Genomics,Plant Genomics,https://github.com/widdowquinn/Teaching-EMBL-Plant-Path-Genomics,Presentation and example material for Plant and Pathogen Genomics
Biotechnological & Life Sciences,Life-sciences,Plants Disease,https://github.com/viritaromero/Plant-diseases-classifier,App that detects diseases in plants using a deep learning model.
Biotechnological & Life Sciences,Life-sciences,Leaf Identification,https://github.com/AayushG159/Plant-Leaf-Identification,"Identification of plants through plant leaves on the basis of their shape, color and texture."
Biotechnological & Life Sciences,Life-sciences,Crop Analysis,https://github.com/openalea/eartrack,An imaging library to detect and track future position of ears on maize plants
Biotechnological & Life Sciences,Life-sciences,Seedlings,https://github.com/mfsatya/PlantSeedlings-Classification,Plant Seedlings Classification from kaggle competition
Biotechnological & Life Sciences,Life-sciences,Animal Hierarchy,https://github.com/sacul-git/hierarpy,Package for calculating animal dominance hierarchies.
Biotechnological & Life Sciences,Life-sciences,Animal Identification,https://github.com/A7med01/Deep-learning-for-Animal-Identification,Deep learning for animal identification.
Biotechnological & Life Sciences,Life-sciences,Species,https://github.com/NomaanAhmed/BigData_AnimalSpeciesAnalysis,Big Data analysis of different species of animals
Biotechnological & Life Sciences,Life-sciences,Animal Vocalisations,https://github.com/timsainb/AVGN,A generative network for animal vocalizations
Biotechnological & Life Sciences,Life-sciences,Evolutionary,https://github.com/hardmaru/estool,Evolution Strategies Tool
Biotechnological & Life Sciences,Life-sciences,Glaciers,https://github.com/OGGM/oggm-edu,Educational material about glaciers.
Construction & Engineering,Construction,DL Architecture,https://github.com/carolineh101/deep-learning-architecture,Deep learning classifier and image generator for building architecture.
Construction & Engineering,Construction,Construction Materials,https://github.com/damontallen/Construction-materials,A course on construction materials.
Construction & Engineering,Construction,Bad Actor Risk Model,https://github.com/dariusmehri/Social-Network-Bad-Actor-Risk-Tool,Risk model to improve construction related building safety
Construction & Engineering,Construction,Inspectors,https://github.com/dariusmehri/Geo-Spatial-Risk-Analysis-of-Inspectors,Determine the assigned inspections.
Construction & Engineering,Construction,Corrupt Social Interactions,https://github.com/dariusmehri/Social-Network-Analysis-to-Expose-Corruption,Uncover potential corrupt social interactions between an industry member and the staff at the DOB
Construction & Engineering,Construction,Risk Construction,https://github.com/dariusmehri/Risk-Screening-Tool-to-Predict-Accidents-at-Construction-Sites,Identify high risk construction.
Construction & Engineering,Construction,Facade Risk,https://github.com/dariusmehri/Algorithm-for-Finding-Buildings-with-Facade-Risk,A risk model to predict unsafe facades.
Construction & Engineering,Construction,Staff Levels,https://github.com/dariusmehri/Predicting-Staff-Levels-for-Front-line-Workers,Predicting staff levels for front line workers.
Construction & Engineering,Construction,Injuries,https://github.com/dariusmehri/Topic-Modeling-and-Analysis-of-Building-Related-Injuries,Building related injuries topic modelling.
Construction & Engineering,Construction,Building Violations,https://github.com/dariusmehri/Predictive-Analysis-of-Building-Violations,Predictive analysis of building violations.
Construction & Engineering,Construction,Productivity,https://github.com/dariusmehri/Inspection-Productivity-Analysis-and-Visualization-with-Tableau,Productivity analysis and inspection with Tableau.
Construction & Engineering,Engineering,Structural Analysis,https://github.com/ritchie46/anaStruct,2D Structural Analysis in Python.
Construction & Engineering,Engineering,Structural Engineering,https://github.com/buddyd16/Structural-Engineering,Structural engineering modules.
Construction & Engineering,Engineering,Nusa,https://github.com/JorgeDeLosSantos/nusa,Structural analysis using the finite element method.
Construction & Engineering,Engineering,StructPy,https://github.com/BrianChevalier/StructPy,Structural Analysis Library for Python based on the direct stiffness method
Construction & Engineering,Engineering,Aileron,https://github.com/albiboni/AileronSimulation,Structural analysis of the aileron of a Boeing 737
Construction & Engineering,Engineering,Vibration,https://github.com/vibrationtoolbox/vibration_toolbox,Educational vibration programs.
Construction & Engineering,Engineering,Civil,https://github.com/ebrahimraeyat/Civil,Collection of civil engineering tools in FreeCAD
Construction & Engineering,Engineering,Gestimator,https://github.com/manuvarkey/Gestimator,Simple civil estimation software
Construction & Engineering,Engineering,Fatpack,https://github.com/Gunnstein/fatpack,Functions and classes for fatigue analysis of data series.
Construction & Engineering,Engineering,Pysteel,https://github.com/yajnab/pySteel,Automated design of different steel structure
Construction & Engineering,Engineering,Structural Uncertainty,https://github.com/davidsteinar/structural-uncertainty,Quantifying structural uncertainty with deep learning.
Construction & Engineering,Engineering,Pymech,https://github.com/jellespijker/pymech,A Python module for mechanical engineers
Construction & Engineering,Engineering,Aerospace Engineering,https://github.com/AlvaroMenduina/Jupyter_Notebooks/tree/master/Introduction_Aerospace_Engineering,Astrodynamics and Statistics
Construction & Engineering,Engineering,Interactive Quantum Chemistry,https://github.com/psi4/psi4numpy,Combining Psi4 and Numpy for education and development.
Construction & Engineering,Engineering,Chemical and Process Engineering,https://github.com/CAChemE/learn,Various resources.
Construction & Engineering,Engineering,PyTherm,https://github.com/iurisegtovich/PyTherm-applied-thermodynamics,Applied Thermodynamics
Construction & Engineering,Engineering,Aerogami,https://github.com/kshitizkhanal7/Aerogami,Aerodynamics using planes.
Construction & Engineering,Engineering,Electro geophysics,https://github.com/geoscixyz/em-apps,Interactive applications for electromagnetics in geophysics
Construction & Engineering,Engineering,Graph Signal,https://github.com/mdeff/pygsp_tutorial_graphsip,Graph signal processing tutorial
Construction & Engineering,Engineering,Mechanical Vibrations,https://github.com/DocVaughan/MCHE485---Mechanical-Vibrations,Mechanical Vibrations at the Univsersity of Louisiana.
Construction & Engineering,Engineering,Process Dynamics,https://github.com/OpenChemE/CHBE356,Process Dynamics and Control
Construction & Engineering,Engineering,Battery Life Cycle,https://github.com/rdbraatz/data-driven-prediction-of-battery-cycle-life-before-capacity-degradation,Data driven prediction of batter life cycle.
Construction & Engineering,Engineering,Wind Energy,https://github.com/DTUWindEnergy/Python4WindEnergy,Python for wind energy
Construction & Engineering,Engineering,Energy Use,https://github.com/openeemeter/eemeter/blob/master/scripts/tutorial.ipynb,Standard methods for calculating normalized metered energy consumption
Construction & Engineering,Engineering,Nuclear Radiation,https://github.com/HitarthiShah/Radiation-Data-Analysis,How people are affected by radiations emitted by nuclear power plants
Construction & Engineering,Material Science,Python Materials Genomics,https://github.com/materialsproject/pymatgen/,Robust material analysis code used in a well-established project.
Construction & Engineering,Material Science,Materials Mining,https://github.com/dchannah/materials_mining,Scripts for simulations and analysis of materials.
Construction & Engineering,Material Science,Emmet,https://github.com/materialsproject/emmet,Build databases of material properties.
Construction & Engineering,Material Science,Megnet,https://github.com/materialsvirtuallab/megnet,Graph networks as a ML framework for Molecules and Crystals
Construction & Engineering,Material Science,Atomate,https://github.com/hackingmaterials/atomate,Pre-built workflows for computational material science.
Construction & Engineering,Material Science,Bylaws Compliance,https://github.com/Mehranov/UnderstandingAndPredictingPropertyMaintenanceFines/blob/master/Assignment4_complete.ipynb,Predicting property fines.
Construction & Engineering,Material Science,Asphalt Binder,https://github.com/sierraporta/asphalt_binder,"Construction materials, free energy and chemical composition of asphalt binder."
Construction & Engineering,Material Science,Steel,https://github.com/hbutsuak95/Quality-Optimization-of-Steel,Optimisation of steel.
Construction & Engineering,Material Science,Awesome Materials Informatics,https://github.com/tilde-lab/awesome-materials-informatics,Curated list of known efforts in materials informatics.
Economics,General,Trading Economics API,https://github.com/tradingeconomics/tradingeconomics,Information for 196 countries.
Economics,General,Development Economics,https://github.com/jhconning/Dev-II/tree/master/notebooks,Development microeconomics are written mostly as interactive jupyter notebooks
Economics,General,Applied Econ & Fin,https://github.com/lnsongxf/Applied_Computational_Economics_and_Finance/blob/master/Chapter05.ipynb,Applied Computational Economics and Finance
Economics,General,Macroeconomics,https://github.com/jlperla/ECON407_2018,Topics in macroeconomics with notebook examples.
Economics,Machine Learning,EconML,https://github.com/microsoft/EconML,Automated Learning and Intelligence for Causation and Economics.
Economics,Machine Learning,Auctions,https://github.com/saisrivatsan/deep-opt-auctions,Optimal auctions using deep learning.
Economics,Computational,Quant Econ,https://github.com/jstac/quantecon_nyu_2016,Quantitative economics course by NYU
Economics,Computational,Computational,https://github.com/zhentaoshi/econ5170,Computational methods in economics.
Economics,Computational,Computational 2,https://github.com/QuantEcon/columbia_mini_course,Small course in computational economics.
Economics,Computational,Econometric Theory,https://github.com/jstac/econometrics/tree/master/notebooks,Notebooks of A Primer on Econometric theory.
Education & Research,Student,Student Performance,https://github.com/sharmaroshan/Education-Process-Mining,Mining student performance using machine learning.
Education & Research,Student,Student Performance 2,https://github.com/janzaib-masood/Educational-Data-Mining,Student exam performance.
Education & Research,Student,Student Performance 3,https://github.com/RohithYogi/Student-Performance-Prediction,Student achievement in secondary education.
Education & Research,Student,Student Performance 4,https://github.com/sharmaroshan/Students-Performance-Analytics,Students Performance Evaluation using Feature Engineering
Education & Research,Student,Student Intervention,https://github.com/eloyekunle/student_intervention/blob/master/student_intervention.ipynb,Building a student intervention system.
Education & Research,Student,Student Enrolment,https://github.com/arrahman17/Learning-Analytics-Project-,Student enrolment and performance analysis.
Education & Research,Student,Academic Performance,https://github.com/janzaib-masood/Educational-Data-Mining,Explore the demographic and family features that have an impact a student's academic performance.
Education & Research,Student,Grade Analysis,https://github.com/kaumaron/Data_Science/tree/master/Grade_Analysis,Student achievement analysis.
Education & Research,School,School Choice,https://github.com/nprapps/school-choice,Data analysis for education's school choice.
Education & Research,School,School Budgets and Priorities,https://github.com/tullyvelte/SchoolPerformanceDataAnalysis,Helping the school board and mayor make strategic decisions regarding future school budgets and priorities
Education & Research,School,School Performance,https://github.com/bradleyrobinson/School-Performance,Data analysis practice using data from data.utah.gov on school performance.
Education & Research,School,School Performance 2,https://github.com/vtyeh/pandas-challenge,Using pandas to analyze school and student performance within a district
Education & Research,School,School Performance 3,https://github.com/benattix/philly-schools,Philadelphia School Performance
Education & Research,School,School Performance 4,https://github.com/adrianakopf/NJPublicSchools,NJ School Performance
Education & Research,School,School Closure,https://github.com/whugue/school-closure,Identify schools at risk for closure by performance and other characteristics.
Education & Research,School,School Budgets,https://github.com/datacamp/course-resources-ml-with-experts-budgets/blob/master/notebooks/1.0-full-model.ipynb,Tools and techniques for school budgeting.
Education & Research,School,School Budgets,https://github.com/nymarya/school-budgets-for-education/tree/master/notebooks,"Same as a above, datacamp."
Education & Research,School,PyCity,https://github.com/JonathanREB/Budget_SchoolsAnalysis/blob/master/PyCitySchools_starter.ipynb,School analysis.
Education & Research,School,PyCity 2,https://github.com/1davegalloway/SchoolDistrictAnalysis,School budget vs school results.
Education & Research,School,Budget NLP,https://github.com/jinsonfernandez/NLP_School-Budget-Project,NLP classification for budget resources.
Education & Research,School,Budget NLP 2,https://github.com/DivyaMadhu/School-Budget-Prediction,Further classification exercise.
Education & Research,School,Budget NLP 3,https://github.com/sushant2811/SchoolBudgetData/blob/master/SchoolBudgetData.ipynb,Budget classification.
Education & Research,School,Survey Analysis,https://github.com/kaumaron/Data_Science/tree/master/Education,Education survey analysis.
Emergency & Relief,Preventative and Reactive,Emergency Mapping,https://github.com/aeronetlab/emergency-mapping,Detection of destroyed houses in California
Emergency & Relief,Preventative and Reactive,Emergency Room,https://github.com/roshetty/Supporting-Emergency-Room-Decision-Making-with-Relevant-Scientific-Literature,Supporting emergency room decision making
Emergency & Relief,Preventative and Reactive,Emergency Readmission,https://github.com/mesgarpour/T-CARER,Adjusted Risk of Emergency Readmission
Emergency & Relief,Preventative and Reactive,Forest Fire,https://github.com/LeadingIndiaAI/Forest-Fire-Detection-through-UAV-imagery-using-CNNs,Forest fire detection through UAV imagery using CNNs
Emergency & Relief,Preventative and Reactive,Emergency Response,https://github.com/sky-t/hack-or-emergency-response,Emergency response analysis.
Emergency & Relief,Preventative and Reactive,Emergency Transportation,https://github.com/bayesimpact/bayeshack-transportation-ems,Transportation prompt on emergency services
Emergency & Relief,Preventative and Reactive,Emergency Dispatch,https://github.com/jamesypeng/Smarter-Emergency-Dispatch,"Reducing response times with predictive modeling, optimization, and automation"
Emergency & Relief,Preventative and Reactive,Emergency Calls,https://github.com/analystiu/LICT-Project-Emergency-911-Calls,Emergency calls analysis project.
Emergency & Relief,Preventative and Reactive,Calls Data Analysis,https://github.com/tanoybhattacharya/911-Data-Analysis,911 data analysis.
Emergency & Relief,Preventative and Reactive,Emergency Response,https://github.com/amunategui/Leak-At-Chemical-Factory-RL,Chemical factory RL.
Emergency & Relief,Crime,Crime Classification,https://github.com/datadesk/lapd-crime-classification-analysis,Times analysis of serious assaults misclassified by LAPD.
Emergency & Relief,Crime,Article Tagging,https://github.com/chicago-justice-project/article-tagging,Natural Language Processing of Chicago news article
Emergency & Relief,Crime,Crime Analysis,https://github.com/chrisPiemonte/crime-analysis,Association Rule Mining from Spatial Data for Crime Analysis
Emergency & Relief,Crime,Chicago Crimes,https://github.com/RandomFractals/ChicagoCrimes,Exploring public Chicago crimes data set in Python
Emergency & Relief,Crime,Graph Analytics,https://github.com/pedrohserrano/graph-analytics-nederlands,The Hague Crimes.
Emergency & Relief,Crime,Crime Prediction,https://github.com/vikram-bhati/PAASBAAN-crime-prediction,"Crime classification, analysis & prediction in Indore city."
Emergency & Relief,Crime,Crime Prediction,https://github.com/tina31726/Crime-Prediction,Developed predictive models for crime rate.
Emergency & Relief,Crime,Crime Review,https://github.com/felzek/Crime-Review-Data-Analysis,Crime review data analysis.
Emergency & Relief,Crime,Crime Trends,https://github.com/benjaminsingleton/crime-trends,The Crime Trends Analysis Tool analyses crime trends and surfaces problematic crime conditions
Emergency & Relief,Crime,Crime Analytics,https://github.com/cmenguy/crime-analytics,Analysis of crime data in Seattle and San Francisco.
Emergency & Relief,Ambulance:,Ambulance Analysis,https://github.com/kaiareyes/ambulance,An investigation of Local Government Area ambulance time variation in Victoria.
Emergency & Relief,Ambulance:,Site Location,https://github.com/ankitkariryaa/ambulanceSiteLocation,Ambulance site locations.
Emergency & Relief,Ambulance:,Dispatching,https://github.com/DimaStoyanov/Ambulance-Dispatching,Applying game theory and discrete event simulation to find optimal solution for ambulance dispatching
Emergency & Relief,Ambulance:,Ambulance Allocation,https://github.com/scngo/SD-ambulance-allocation,Time series analysis of ambulance dispatches in the City of San Diego.
Emergency & Relief,Ambulance:,Response Time,https://github.com/nonsignificantp/ambulance-response-time,An analysis on the improvements of ambulance response time.
Emergency & Relief,Ambulance:,Optimal Routing,https://github.com/aditink/EMSRouting,Project to find optimal routing of ambulances in Ithaca.
Emergency & Relief,Ambulance:,Crash Analysis,,Predicting the probability of accidents on a given segment on a given time.
Emergency & Relief,Disaster Management,Conflict Prediction,https://github.com/Polichinel/Master_Thesis,Notebooks on conflict prediction.
Emergency & Relief,Disaster Management,Burglary Prediction,https://github.com/Polichinel/Master_Thesis,Spatio-Temporal Modelling for burglary prediction.
Emergency & Relief,Disaster Management,Predicting Disease Outbreak,https://github.com/ab-bh/Disease-Outbreak-Prediction/blob/master/Disease%20Outbreak%20Prediction.ipynb,Machine Learning implementation based on multiple classifier algorithm implementations.
Emergency & Relief,Disaster Management,Road accident prediction,https://github.com/leportella/federal-road-accidents,Prediction on type of victims on federal road accidents in Brazil.
Emergency & Relief,Disaster Management,Text Mining,https://github.com/rajaswa/Disaster-Management-,Disaster Management using Text mining.
Emergency & Relief,Disaster Management,Twitter and disasters,https://github.com/paultopia/concrete_NLP_tutorial/blob/master/NLP_notebook.ipynb,Try to correctly predict whether tweets that are about disasters
Emergency & Relief,Disaster Management,Flood Risk,https://github.com/arijitsaha/FloodRisk,Impact of catastrophic flood events.
Emergency & Relief,Disaster Management,Fire Prediction,https://github.com/Senkichi/The_Catastrophe_Coefficient,We used 4 different algorithms to predict the likelihood of future fires.
Finance,Trading & Investment,financial-machine-learning,https://github.com/firmai/financial-machine-learning,
Finance,Trading & Investment,Deep Portfolio,https://github.com/DLColumbia/DL_forFinance,Deep learning for finance Predict volume of bonds.
Finance,Trading & Investment,AI Trading,https://github.com/borisbanushev/stockpredictionai/blob/master/readme2.md,Modern AI trading techniques.
Finance,Trading & Investment,Corporate Bonds,https://github.com/ishank011/gs-quantify-bond-prediction,Predicting the buying and selling volume of the corporate bonds.
Finance,Trading & Investment,Simulation,https://github.com/chenbowen184/Computational_Finance,Investigating simulations as part of computational finance.
Finance,Trading & Investment,Industry Clustering,https://github.com/SeanMcOwen/FinanceAndPython.com-ClusteringIndustries,Project to cluster industries according to financial attributes.
Finance,Trading & Investment,Financial Modeling,https://github.com/MiyainNYC/Financial-Modeling/tree/master/codes,HFT trading and implied volatility modeling.
Finance,Trading & Investment,Trend Following,http://inseaddataanalytics.github.io/INSEADAnalytics/ExerciseSet2.html,A futures trend following portfolio investment strategy.
Finance,Trading & Investment,Financial Statement Sentiment,https://github.com/MAydogdu/TextualAnalysis,Extracting sentiment from financial statements using neural networks.
Finance,Trading & Investment,Applied Corporate Finance,https://github.com/chen-bowen/Data_Science_in_Applied_Corporate_Finance,Studies the empirical behaviors in stock market.
Finance,Trading & Investment,Market Crash Prediction,https://github.com/sarachmax/MarketCrashes_Prediction/blob/master/LPPL_Comparasion.ipynb,redicting market crashes using an LPPL model.
Finance,Trading & Investment,NLP Finance Papers,https://github.com/chen-bowen/Research_Documents_Curation_with_NLP,Curating quantitative finance papers using machine learning.
Finance,Trading & Investment,ARIMA-LTSM Hybrid,https://github.com/imhgchoi/Corr_Prediction_ARIMA_LSTM_Hybrid,Hybrid model to predict future price correlation coefficients of two assets
Finance,Trading & Investment,Basic Investments,https://github.com/SeanMcOwen/FinanceAndPython.com-Investments,Basic investment tools in python.
Finance,Trading & Investment,Basic Derivatives,https://github.com/SeanMcOwen/FinanceAndPython.com-Derivatives,Basic forward contracts and hedging.
Finance,Trading & Investment,Basic Finance,https://github.com/SeanMcOwen/FinanceAndPython.com-BasicFinance,Source code notebooks basic finance applications.
Finance,Trading & Investment,Advanced Pricing ML,https://github.com/jjakimoto/finance_ml,Additional implementation of Advances in Financial Machine Learning (Book)
Finance,Trading & Investment,Options and Regression,https://github.com/aluo417/Financial-Engineering-Projects,Financial engineering project for option pricing techniques.
Finance,Trading & Investment,Quant Notebooks,https://github.com/LongOnly/Quantitative-Notebooks,"Educational notebooks on quant finance, algorithmic trading and investment strategy."
Finance,Trading & Investment,Forecasting Challenge,https://github.com/bukosabino/financial-forecasting-challenge-gresearch,Financial forecasting challenge by G-Research (Hedge Fund)
Finance,Trading & Investment,Xgboost,,A trading algorithm using XgBoost
Finance,Trading & Investment,Research Paper Trading,https://github.com/rawillis98/alpaca,A strategy implementation based on a paper using Alpaca Markets.
Finance,Trading & Investment,Various,https://github.com/arcadynovosyolov/finance,"Options, Allocation, Simulation"
Finance,Trading & Investment,ML & RL NYU,https://github.com/joelowj/Machine-Learning-and-Reinforcement-Learning-in-Finance,Machine Learning and Reinforcement Learning in Finance.
Finance,Data,Datastream,https://github.com/mbravidor/PyDSout,Datastrem from Thomson Reuters accessible through Python.
Finance,Data,AlphaVantage,http://twopirllc/,API wrapper to simplify the process of acquiring free financial data.
Finance,Data,FSA,https://github.com/duncangh/FSA,A project to transfer SEC Edgar Filings’ financial data to custom financial statement analysis models.
Finance,Data,TradeConnector,https://github.com/tradeasystems/tradeasystems_connector,A layer to connect with market data providers.
Finance,Data,Employee Count SEC Filings,https://github.com/healthgradient/sec_employee_information_extraction,
Finance,Data,SEC Parsing,https://github.com/healthgradient/sec-doc-info-extraction/blob/master/classify_sections_containing_relevant_information.ipynb,
Finance,Data,Open Edgar,https://github.com/LexPredict/openedgar,
Finance,Data,Rating Industries,http://www.ratingshistory.info/,
Healthcare,General,zEpid,https://github.com/pzivich/zEpid,Epidemiology analysis package.
Healthcare,General,Python For Epidemiologists,https://github.com/pzivich/Python-for-Epidemiologists,Tutorial to introduce epidemiology analysis in Python.
Healthcare,General,Prescription Compliance,https://github.com/rjhere/Prescription-compliance-prediction,An analysis of prescription and medical compliance
Healthcare,General,Respiratory Disease,https://github.com/alistairwallace97/olympian-biotech,Tracking respiratory diseases in Olympic athletes
Healthcare,General,Bubonic Plague,https://github.com/callysto/curriculum-notebooks/blob/master/Humanities/BubonicPlague/bubonic-plague-and-SIR-model.ipynb,Bubonic plague and SIR model.
"Justice, Law and Regulations",Tools,LexPredict,https://github.com/LexPredict/lexpredict-contraxsuite,Software package and library.
"Justice, Law and Regulations",Tools,AI Para-legal,https://github.com/davidawad/lobe,Lobe is the world's first AI paralegal.
"Justice, Law and Regulations",Tools,Legal Entity Detection,https://github.com/hockeyjudson/Legal-Entity-Detection/blob/master/Dataset_conv.ipynb,NER For Legal Documents.
"Justice, Law and Regulations",Tools,Legal Case Summarisation,https://github.com/Law-AI/summarization,Implementation of different summarisation algorithms applied to legal case judgements.
"Justice, Law and Regulations",Tools,Legal Documents Google Scholar,https://github.com/GirrajMaheshwari/Web-scrapping-/blob/master/Google_scholar%2BExtract%2Bcase%2Bdocument.ipynb,Using Google scholar to extract cases programatically.
"Justice, Law and Regulations",Tools,Chat Bot,https://github.com/akarazeev/LegalTech,Chat-bot and email notifications.
"Justice, Law and Regulations",Tools,Congress API,https://github.com/propublica/congress-api-docs,ProPublica congress API access.
"Justice, Law and Regulations",Tools,Data Generator GDPR,https://github.com/toningega/Data_Generator,Dummy data generator for GDPR compliance
"Justice, Law and Regulations",Tools,Legal Text Classification,https://github.com/brightmart/ai_law,Baseline models for long text classificaiton( text categorization)
"Justice, Law and Regulations",Policy and Regulatory,Hate Speech and Offense,https://github.com/t-davidson/hate-speech-and-offensive-language,"Repository for the paper ""Automated Hate Speech Detection and the Problem of Offensive Language"""
"Justice, Law and Regulations",Policy and Regulatory,GDPR scores,https://github.com/erickjtorres/AI_LegalDoc_Hackathon,Predicting GDPR Scores for Legal Documents.
"Justice, Law and Regulations",Policy and Regulatory,Driving Factors FINRA,https://github.com/siddhantmaharana/text-analysis-on-FINRA-docs,Identify the driving factors that influence the FINRA arbitration decisions.
"Justice, Law and Regulations",Policy and Regulatory,Securities Bias Correction,https://github.com/davidsontheath/bias_corrected_estimators/blob/master/bias_corrected_estimators.ipynb,Bias-Corrected Estimation of Price Impact in Securities Litigation.
"Justice, Law and Regulations",Policy and Regulatory,Public Firm to Legal Decision,https://github.com/anshu3769/FirmEmbeddings,Embed public firms based on their reaction to legal decisions.
"Justice, Law and Regulations",Policy and Regulatory,Night Life Regulation,https://github.com/Kevin-McIsaac/Nightlife,Australian nightlife and its regulation and policing
"Justice, Law and Regulations",Policy and Regulatory,Comments,https://github.com/ProximaDas/nlp-govt-regulations,Public comments on government regulations.
"Justice, Law and Regulations",Policy and Regulatory,Clustering,https://github.com/philxchen/Clustering-Canadian-regulations,Clustering Canadian regulations.
"Justice, Law and Regulations",Policy and Regulatory,Environment,https://github.com/ds-modules/EEP-147,Regulation of Energy and the Environment
"Justice, Law and Regulations",Policy and Regulatory,Risk,https://github.com/vsub21/systemic-risk-dashboard,Systematic risk of various financial regulations.
"Justice, Law and Regulations",Policy and Regulatory,FINRA Compliance,https://github.com/raymond180/FINRA_TRACE,Topic modelling on compliance.
"Justice, Law and Regulations",Judicial Applied,Supreme Court Prediction,https://github.com/davidmasse/US-supreme-court-prediction,Predicting the ideological direction of Supreme Court decisions: ensemble vs. unified case-based model.
"Justice, Law and Regulations",Judicial Applied,Supreme Court Topic Modeling,https://github.com/AccelAI/AI-Law-Minicourse/tree/master/Supreme_Court_Topic_Modeling,Multiple steps necessary to implement topic modeling on supreme court decisions.
"Justice, Law and Regulations",Judicial Applied,Judge Opinion,https://github.com/GirrajMaheshwari/Legal-Analytics-project---Court-misclassification,Using text mining and machine learning to analyze judges’ opinions for a particular concern.
"Justice, Law and Regulations",Judicial Applied,ML Law Matching,https://github.com/whs2k/GPO-AI,A machine learning law match maker.
"Justice, Law and Regulations",Judicial Applied,Bert Multi-label Classification,https://github.com/brightmart/sentiment_analysis_fine_grain,Fine Grained Sentiment Analysis from AI.
"Justice, Law and Regulations",Judicial Applied,Some Computational AI Course,https://www.youtube.com/channel/UC5UHm2J9pbEZmWl97z_0hZw,Video series Law MIT.
Manufacturing,General,Green Manufacturing,https://github.com/Danila89/kaggle_mercedes,Mercedes-Benz Greener Manufacturing competition on Kaggle.
Manufacturing,General,Semiconductor Manufacturing,https://github.com/Meena-Mani/SECOM_class_imbalance,Semicondutor manufacturing process line data analysis.
Manufacturing,General,Smart Manufacturing,https://github.com/usnistgov/modelmeth,Shared work of a modelling Methodology.
Manufacturing,General,Bosch Manufacturing,https://github.com/han-yan-ds/Kaggle-Bosch,"Bosch manufacturing project, Kaggle."
Manufacturing,Maintenance,Predictive Maintenance 1,https://github.com/Azure/lstms_for_predictive_maintenance,redict remaining useful life of aircraft engines
Manufacturing,Maintenance,Predictive Maintenance 2,https://github.com/Samimust/predictive-maintenance,Time-To-Failure (TTF) or Remaining Useful Life (RUL)
Manufacturing,Maintenance,Manufacturing Maintenance,https://github.com/m-hoff/maintsim,Simulation of maintenance in manufacturing systems.
Manufacturing,Maintenance,Maintenance Prediction,https://github.com/LaranIkal/ProductAnomaliesDetection,Maitenance Prediction For Manufacturing Stations.
Manufacturing,Failure,Predictive Analytics,https://github.com/IBM/iot-predictive-analytics,Method for Predicting failures in Equipment using Sensor data.
Manufacturing,Failure,Detecting Defects,https://github.com/sharmaroshan/SECOM-Detecting-Defected-Items,Detecting Defects
Manufacturing,Failure,Defect Detection,https://github.com/jorgehas/smart-defect-inspection,Smart defect detection for pill manufacturing.
Manufacturing,Failure,Manufacturing Failures,https://github.com/aayushmudgal/Reducing-Manufacturing-Failures,Reducing manufacturing failures.
Manufacturing,Failure,Manufacturing Anomalies,https://github.com/mohan-mj/Manufacturing-Line-I4.0,Intelligent anomaly detection for manufacturing line.
Manufacturing,Quality,Quality Control,https://github.com/buzz11/productionFailures,Bosh failure of quality control.
Manufacturing,Quality,Manufacturing Quality,https://github.com/limberc/tianchi-IMQF,Intelligent Manufacturing Quality Forecast
Manufacturing,Quality,Auto Manufacturing,https://github.com/trentwoodbury/ManufacturingAuctionRegression,Regression Case Study Project on Manufacturing Auction Sale Data.
Media & Publishing,Marketing,Video Popularity,https://github.com/andrei-rizoiu/hip-popularity,HIP model for predicting the popularity of videos.
Media & Publishing,Marketing,YouTube transcriber,https://github.com/hathix/youtube-transcriber,Automatically transcribe YouTube videos.
Media & Publishing,Marketing,Marketing Analytics,https://github.com/byukan/Marketing-Data-Science,Marketing analytics case studies.
Media & Publishing,Marketing,Algorithmic Marketing,https://github.com/ikatsov/algorithmic-examples,Models from Introduction to Algorithmic Marketing book
Media & Publishing,Marketing,Marketing Scripts,https://github.com/HowardNTUST/Marketing-Data-Science-Application,Marketing data science applications.
Media & Publishing,Marketing,Social Mining,https://github.com/mikhailklassen/Mining-the-Social-Web-3rd-Edition/tree/master/notebooks,Mining the social web.
Miscellaneous,Art,Painting Forensics,https://github.com/ivan-bilan/Painting_Forensics,Analysing paintings to find out their year of creation.
Miscellaneous,Tourism,Flickr,https://github.com/xiaofei6677/TourismFlickrMiner,Metadata mining tool for tourism research.
Miscellaneous,Tourism,Fashion,https://github.com/khanhnamle1994/fashion-recommendation,A clothing retrieval and visual recommendation model for fashion images
Miscellaneous,Entertainment,Concert Tickets,https://github.com/yiaktan/Secondhand_Concert_Tickets,Second hand concert tickets
Miscellaneous,Betting,Equine Trading,https://github.com/jerryxyx/EquineTrading,Initial analysis investigating horse betting
Physics,General,Gamma-hadron Reconstruction,https://github.com/fvisconti/gammas_machine_learning,Tools used in Gamma-ray ground based astronomy.
Physics,General,Curriculum,https://github.com/callysto/curriculum-notebooks/tree/master/Physics,Newtonian notebooks.
Physics,General,Interaction Networks,https://github.com/higgsfield/interaction_network_pytorch,"Interaction Networks for Learning about Objects, Relations and Physics."
Physics,General,Particle Physics,https://github.com/hep-lbdl/adversarial-jets,"Training, generation, and analysis code for learning Particle Physics"
Physics,General,Computational Physics,https://github.com/ernestyalumni/CompPhys,A computational physics repository.
Physics,General,Medical Physics,https://github.com/robmarkcole/Useful-python-for-medical-physics,Useful python for medical physics.
Physics,General,Medical Physics 2,https://github.com/pymedphys/pymedphys,"A common, core Python package for Medical Physics"
Physics,General,Flow Physics,https://github.com/FPAL-Stanford-University/FloATPy,Flow Physics and Aeroacoustics Toolbox with Python
Physics,Machine Learning,Physics ML and Stats,https://github.com/dkirkby/MachineLearningStatistics,Machine learning and statistics for physicists
Physics,Machine Learning,High Energy,https://github.com/arogozhnikov/hep_ml,Machine Learning for High Energy Physics.
Physics,Machine Learning,High Energy GAN,https://github.com/hep-lbdl/CaloGAN,Generative Adversarial Networks for High Energy Physics.
Physics,Machine Learning,Neural Networks,https://github.com/GiggleLiu/marburg,Physics meets neural networks
Government and Public Works,Social Policies,Triage,https://github.com/dssg/triage,General Purpose Risk Modeling and Prediction Toolkit for Policy and Social Good Problems.
Government and Public Works,Social Policies,World Bank Poverty I,https://github.com/worldbank/ML-classification-algorithms-poverty/tree/master/notebooks,A comparative assessment of machine learning classification algorithms applied to poverty prediction.
Government and Public Works,Social Policies,World Bank Poverty II,https://github.com/avsolatorio/world-bank-pover-t-tests-solution,Repository for the World Bank Pover-t Test Competition Solution Overseas Company Land Ownership .
Government and Public Works,Social Policies,Overseas Company Land Ownership,https://github.com/Global-Witness/overseas-companies-land-ownership/blob/master/overseas_companies_land_ownership_analysis.ipynb,Identifying foreign ownership in the UK.
Government and Public Works,Social Policies,CFPB,https://github.com/MAydogdu/ConsumerFinancialProtectionBureau/blob/master/CFPB_Complaints_2017September.ipynb,Consumer Finances Protection Bureau complaints analysis.
Government and Public Works,Social Policies,Cannabis Legalisation Effect,https://github.com/tslindner/Effects-of-Cannabis-Legalization,Effects of cannabis legalization on crime.
Government and Public Works,Social Policies,Public Credit Card,https://github.com/dmodjeska/barnet_transactions/blob/master/Barnet_Transactions_Analysis.ipynb,Identification of potential fraud for council credit cards. Data
Government and Public Works,Social Policies,Recidivism Prediction,https://github.com/shayanray/GlassBox/tree/master/mlPredictor,Transparency and audibility to recidivism risk assessment
Government and Public Works,Social Policies,Household Poverty,https://github.com/Featuretools/predict-household-poverty,Predict poverty in households in Costa Rica.
Government and Public Works,Social Policies,NLP Public Policy,https://github.com/ancilcrayton/nlp_public_policy,An example of an NLP use-case in public policy.
Government and Public Works,Social Policies,World Food Production,https://github.com/sharmaroshan/World-Food-Production,Comparing Top food and feed Producers around the globe.
Government and Public Works,Social Policies,Tax Inequality,https://github.com/DataScienceForGood/TaxationInequality,Data project around taxation and inequality in Basel Stadt.
Government and Public Works,Social Policies,Sheriff Compliance,https://github.com/austinbrian/sheriffs,Compliance to ICE requests.
Government and Public Works,Social Policies,Apps Detection,https://github.com/MengchuanFu/Suspecious-Apps-Detection,Suspicious app detection for kids.
Government and Public Works,Social Policies,Social Assistance,https://github.com/farkhondehm/Social-Assistance,Trending information on social assistance
Government and Public Works,Social Policies,Computational Social Science,https://github.com/abjer/sds/tree/master/material,Social data science summer school course.
Government and Public Works,Social Policies,Liquor and Crime,https://github.com/bhaveshgoyal/safeLiquor,Effect of liquor licenses issued on the crime rate.
Government and Public Works,Social Policies,Animal Placement Kennels,https://github.com/austinpetsalive/distemper-outbreak,Optimising animal placement in shelters.
Government and Public Works,Social Policies,Staffing Wall,https://github.com/ryanschaub/The-U.S.-Mexican-Border-Wall-and-Staffing-A-Statistical-Approach-,Independent exploration project on U.S. Mexican Border wall
Government and Public Works,Social Policies,Worker Fatalities,https://github.com/zischwartz/workerfatalities,Worker Fatalities and Catastrophes Map from OSHA data
Government and Public Works,Social Policies,Parking Tickets,https://github.com/fpli-mbr/LA-Parking-Tickets,"Basic analysis of, the LA city parking citation database."
Government and Public Works,Social Policies,City Dashboard,https://github.com/DistrictDataLabs/city-dash,City Intelligence Dashboard Project
Government and Public Works,Charities,Census Data API,https://github.com/johnfwhitesell/CensusPull/blob/master/Census_ACS5_Pull.ipynb,Pull variables from the 5-year American Community Survey.
Government and Public Works,Charities,Philantropic Giving,https://github.com/datakind/datadive-gates92y-proj3-form990,Work done by numerous DataKind volunteers on harnessing Form 990 data
Government and Public Works,Charities,Charity Recommender,https://github.com/Chris-Manna/charity_recommender,NYC Charity Collaborative Recommender System on an Implicit DataSet.
Government and Public Works,Charities,Donor Identification,,A machine learning project in which we need to find donors for charity.
Government and Public Works,Charities,US Charities,https://github.com/staceb/charities_in_the_united_states,Charity exploration and machine learning.
Government and Public Works,Charities,Charity Effectiveness,https://github.com/LauraChen/02-Metis-Web-Scraping,Scraping online data about charities to understand effectiveness
Government and Public Works,Election Analysis,Election Analysis,,Election Analysis and Prediction Models
Government and Public Works,Election Analysis,American Election Causal,https://github.com/Akesari12/LS123_Data_Prediction_Law_Spring-2019/blob/master/labs/OLS%20for%20Causal%20Inference/OLS_Causal_Inference_solution.ipynb,Using ANES data with causal inference models.
Government and Public Works,Election Analysis,Campaign Finance and Election Results,https://github.com/sfbrigade/datasci-campaign-finance/blob/master/notebooks/ML%20Campaign%20Finance%20and%20Election%20Results%20Example.ipynb,Investigating the relation between campaign finance and subsequent election results.
Government and Public Works,Election Analysis,Voting System,https://github.com/nealmcb/pr_voting_methods,Proportional representation voting methods.
Government and Public Works,Election Analysis,President Vote,https://github.com/austinbrian/portfolio/blob/master/tax_votes/president_counties.ipynb,Vote by income level analysis.
Government and Public Works,Politics,Congressional politics,https://github.com/kaumaron/Data_Science/tree/master/Congressional_Partisanship,House and senate congressional partisanship.
Government and Public Works,Politics,Politico,https://github.com/okfn-brasil/perfil-politico,A platform for profiling public figures in Brazilian politics.
Government and Public Works,Politics,Bots,https://github.com/ParticipaPY/politic-bots,Tools and algorithms to analyze Paraguayan Tweets in times of election
Government and Public Works,Politics,Gerrymander tests,https://github.com/PrincetonUniversity/gerrymandertests,Lots of metrics for quantifying gerrymandering.
Government and Public Works,Politics,Sentiment,https://github.com/JulianMar11/SentimentPoliticalCompass,Analyse newspapers with respect to their political conviction using entity sentiments of party representatives.
Government and Public Works,Politics,DL Politics,https://github.com/muntisa/Deep-Politics,Prediction of Spanish Political Affinity with Deep Neural Nets: Socialist vs People's Party
Government and Public Works,Politics,PAC Money,https://github.com/edmundooo/more-money-more-problems,Effects of PAC money on US politics.
Government and Public Works,Politics,Power Networks,https://github.com/abhiagar90/power_networks,Constructing a watchdog for Indian corporate and political networks
Government and Public Works,Politics,Elite,https://github.com/philippschmalen/Project_tsds,Political elite in the US.
Government and Public Works,Politics,Debate Analysis,https://github.com/kkirchhoff01/DebateAnalysis,Program to analyze political debates.
Government and Public Works,Politics,Political Affiliation,https://github.com/davidjwiner/political_affiliation_prediction,Political affiliation prediction using twitter metadata.
Government and Public Works,Politics,Political Ads,https://github.com/philiplbean/facebook_political_ads,Investigation into Facebook Political Ads and Targeting
Government and Public Works,Politics,Political Identity,https://github.com/pgromano/Political-Identity-Analysis,Multi-axial political model.
Government and Public Works,Politics,YT Politics,https://github.com/kmunger/YT_descriptive,Mapping Politics on YouTube
Government and Public Works,Politics,Political Ideology,https://github.com/albertwebson/Political-Vector-Projector,Unsupervised learning of political ideology by word vector projections
"Real Estate, Rental & Leasing",Real Estate,Finding Donuts,https://github.com/GretelDePaepe/FindingDonuts,Finding real estate opportunities by predicting transforming neighbourhoods.
"Real Estate, Rental & Leasing",Real Estate,Neighbourhood,https://github.com/denadai2/real-estate-neighborhood-prediction,Predicting real estate prices from the urban environment.
"Real Estate, Rental & Leasing",Real Estate,Real Estate Classification,https://github.com/Sardhendu/PropertyClassification,"Classifying the type of property given Real Estate, satellite and Street view Images"
"Real Estate, Rental & Leasing",Real Estate,Recommender,https://github.com/hyattsaleh15/RealStateRecommender,This tools aims to recommend a user the top 5 real estate properties that matches their search.
"Real Estate, Rental & Leasing",Real Estate,House Price,https://github.com/Shreyas3108/house-price-prediction,Predicting house prices using Linear Regression and GBR
"Real Estate, Rental & Leasing",Real Estate,House Price Portland,https://github.com/girishkuniyal/Predict-housing-prices-in-Portland,Predict housing prices in Portland.
"Real Estate, Rental & Leasing",Real Estate,Zillow Prediction,https://github.com/eswar3/Zillow-prediction-models,Zillow valuation prediction as performed on Kaggle.
"Real Estate, Rental & Leasing",Real Estate,Real Estate,https://github.com/denadai2/real-estate-neighborhood-prediction,Predicting real estate prices from the urban environment.
"Real Estate, Rental & Leasing",Rental & Leasing,Analysing Rentals,https://github.com/ual/rental-listings,Analyzing and visualizing rental listings data.
"Real Estate, Rental & Leasing",Rental & Leasing,Interest Prediction,https://github.com/mratsim/Apartment-Interest-Prediction,Predict people interest in renting specific NYC apartments.
"Real Estate, Rental & Leasing",Rental & Leasing,Housing Uni vs Non-Uni,https://github.com/awoziji/pwc_europe_data_analytics_hackathon,The effect on university lodging after the GFC.
"Real Estate, Rental & Leasing",Rental & Leasing,Predict Household Poverty,https://github.com/Featuretools/predict-household-poverty,Predict the poverty of households in Costa Rica using automated feature engineering.
"Real Estate, Rental & Leasing",Rental & Leasing,Airbnb public analytics competition,http://inseaddataanalytics.github.io/INSEADAnalytics/groupprojects/AirbnbReport2016Jan.html,Now strategic management.
Utilities,Electricity,Electricity Price,https://github.com/luqmanhakim/research-on-sp-wholesale/blob/master/research-on-sp-wholesale-plan.ipynb,Electricity price comparison Singapore.
Utilities,Electricity,Electricity-Coal Correlation,https://github.com/richardddli/state_electricity_rates,Determining the correlation between state electricity rates and coal generation over the past decade.
Utilities,Electricity,Electricity Capacity,https://github.com/datadesk/california-electricity-capacity-analysis,A Los Angeles Times analysis of California's costly power glut.
Utilities,Electricity,Electricity Systems,https://github.com/PyPSA/WHOBS,Optimal Wind+Hydrogen+Other+Battery+Solar (WHOBS) electricity systems for European countries.
Utilities,Electricity,Load Disaggregation,https://github.com/pipette/Electricity-load-disaggregation,Smart meter load disaggregation with Hidden Markov Models
Utilities,Electricity,Price Forecasting,https://github.com/farwacheema/DA-electricity-price-forecasting,Forecasting Day-Ahead electricity prices in the German bidding zone with deep neural networks.
Utilities,Electricity,Carbon Index,https://github.com/gschivley/carbon-index,"Calculation of electricity CO₂ intensity at national, state, and NERC regions from 2001-present."
Utilities,Electricity,Demand Forecasting,https://github.com/hvantil/ElectricityDemandForecasting,Electricity demand forecasting for Austin.
Utilities,Electricity,Electricity Consumption,https://github.com/un-modelling/Electricity_Consumption_Surveys,Estimating Electricity Consumption from Household Surveys
Utilities,Electricity,Household power consumption,https://github.com/amirrezaeian/Individual-household-electric-power-consumption-Data-Set-,Individual household power consumption LSTM.
Utilities,Electricity,Electricity French Distribution,http://inseaddataanalytics.github.io/INSEADAnalytics/groupprojects/group_energy.html,An analysis of electricity data provided by the French Distribution Network (RTE)
Utilities,Electricity,Renewable Power Plants,https://github.com/Open-Power-System-Data/renewable_power_plants,Time series of cumulated installed capacity.
Utilities,Electricity,Wind Farm Flow,https://github.com/FUSED-Wind/FUSED-Wake,A repository of wind plant flow models connected to FUSED-Wind.
Utilities,Electricity,Power Plant,https://github.com/YungChunLu/UCI-Power-Plant,The dataset contains 9568 data points collected from a Combined Cycle Power Plant over 6 years
Utilities,"Coal, Oil & Gas",Coal Phase Out,https://github.com/samarthiith/DE_CoalPhaseOut,Generation adequacy issues with Germany’s coal phaseout.
Utilities,"Coal, Oil & Gas",Coal Prediction,https://github.com/Jean-njoroge/coal-exploratory/tree/master/notebooks,Predicting coal production.
Utilities,"Coal, Oil & Gas",Oil & Gas,https://github.com/sdasadia/Oil-Natural-Gas-Price-Prediction,Oil & Natural Gas price prediction using ARIMA & Neural Networks
Utilities,"Coal, Oil & Gas",Gas Formula,https://github.com/cep-kse/natural_gas_formula,Calculating potential economic effect of price indexation formula.
Utilities,"Coal, Oil & Gas",Demand Prediction,https://github.com/victorpena1/Natural-Gas-Demand-Prediction,Natural gas demand prediction.
Utilities,"Coal, Oil & Gas",Consumption Forecasting,https://github.com/williamadams1/natural-gas-consumption-forecasting,Natural gas consumption forecasting.
Utilities,"Coal, Oil & Gas",Gas Trade,https://github.com/bahuisman/NatGasModel,World Model for Natural Gas Trade.
Utilities,"Coal, Oil & Gas",Mining Prospects,https://github.com/llSourcell/mapo,Predict mining prospects and mineral deposits using deep learning and satellite imagery
Utilities,Water & Pollution,Safe Water,https://github.com/codeforboston/safe-water,Predict health-based drinking water violations in the United States.
Utilities,Water & Pollution,Hydrology Data,https://github.com/mroberge/hydrofunctions,A suite of convenience functions for exploring water data in Python.
Utilities,Water & Pollution,Water Observatory,https://github.com/sentinel-hub/water-observatory-backend,Monitoring water levels of lakes and reservoirs using satellite imagery.
Utilities,Water & Pollution,Water Pipelines,https://github.com/wassname/pipe-segmentation,Using machine learning to find water pipelines in aerial images.
Utilities,Water & Pollution,Water Modelling,https://github.com/awracms/awra_cms_older,Australian Water Resource Assessment (AWRA) Community Modelling System.
Utilities,Water & Pollution,Drought Restrictions,https://github.com/datadesk/california-ccscore-analysis,A Los Angeles Times analysis of water usage after the state eased drought restrictions
Utilities,Water & Pollution,Flood Prediction,https://github.com/cadrev/lstm-flood-prediction,Applying LSTM on river water level data
Utilities,Water & Pollution,Sewage Overflow,,Insights into the sanitary sewage overflow (SSO).
Utilities,Water & Pollution,Water Accounting,https://github.com/johnpfay/USWaterAccounting,Assembles water budget data for the US from existing data source
Utilities,Water & Pollution,Air Quality Prediction,https://github.com/txytju/air-quality-prediction,Predict air quality(aq) in Beijing and London in the next 48 hours.
Utilities,Transportation,Transdim,https://github.com/xinychen/transdim,Creating accurate and efficient solutions for the spatio-temporal traffic data imputation and prediction tasks.
Utilities,Transportation,Transport Recommendation,https://github.com/AlanConstantine/KDD-Cup-2019-CAMMTR,Context-Aware Multi-Modal Transportation Recommendation
Utilities,Transportation,Transport Data,https://github.com/CityofToronto/bdit_data-sources,Data and notebooks for Toronto transport.
Utilities,Transportation,Transport Demand,https://github.com/pawelmorawiecki/traffic_jam_Nairobi,Predicting demand for public transportation in Nairobi.
Utilities,Transportation,Demand Estimation,https://github.com/Lemma1/DPFE,Implementation of dynamic origin-destination demand estimation.
Utilities,Transportation,Congestion Analysis,https://github.com/hackoregon/2019-transportation-data-science,Transportation systems analysis
Utilities,Transportation,TS Analysis,https://github.com/nishanthgampa/Time-Series-Analysis-on-Transportation-Data,Time series analysis on transportation data.
Utilities,Transportation,Network Graph Subway,https://github.com/fangshulin/Vulnerability-Analysis-for-Transportation-Networks,Vulnerability analysis for transportation networks.
Utilities,Transportation,Transportation Inefficiencies,https://github.com/akpen/Stockholm-0.1,Quantifying the inefficiencies of Transportation Networks
Utilities,Transportation,Train Optimisation,https://github.com/crowdAI/train-schedule-optimisation-challenge-starter-kit,Train schedule optimisation
Utilities,Transportation,Traffic Prediction,https://github.com/mratsim/McKinsey-SmartCities-Traffic-Prediction,multi attention recurrent neural networks for time-series (city traffic)
Utilities,Transportation,Predict Crashes,https://github.com/Data4Democracy/crash-model,Crash prediction modelling application that leverages multiple data sources
Utilities,Transportation,AI Supply chain,https://github.com/llSourcell/AI_Supply_Chain,Supply chain optimisation system.
Utilities,Transportation,Transfer Learning Flight Delay,https://github.com/cavaunpeu/flight-delays,Using variation encoders in Keras to predict flight delay.
Utilities,Transportation,Replenishment,https://github.com/pratishthakapoor/RetailReplenishement/tree/master/Code,Retail replenishment code for supply chain management.
Wholesale & Retail,Wholesale,Customer Analysis,https://github.com/kralmachine/WholesaleCustomerAnalysis,Wholesale customer analysis.
Wholesale & Retail,Wholesale,Distribution,https://github.com/Semionn/JB-wholesale-distribution-analysis,JB wholesale distribution analysis.
Wholesale & Retail,Wholesale,Clustering,https://github.com/prakhardogra921/Clustering-Analysis-on-customers-of-a-wholesale-distributor,Unsupervised learning techniques are applied on product spending data collected for customers
Wholesale & Retail,Wholesale,Market Basket Analysis,https://github.com/tstreamDOTh/Instacart-Market-Basket-Analysis,Instacart public dataset to report which products are often shopped together.
,,,,
Wholesale & Retail,Retail,Retail Analysis,https://github.com/SarahMestiri/online-retail-case,Studying Online Retail Dataset and getting insights from it.
Wholesale & Retail,Retail,Online Insights,https://github.com/sharmaroshan/Online-Retail-Transactions-of-UK,Analyzing the Online Transactions in UK
Wholesale & Retail,Retail,Retail Use-case,https://github.com/IBM-DSE/CyberShop-Analytics,Notebooks & Data for CyberShop Retail Use Case
Wholesale & Retail,Retail,Dwell Time,https://github.com/arvindkarir/retail,Customer dwell time and other analysis.
Wholesale & Retail,Retail,Retail Cohort,https://github.com/finnqiao/cohort_online_retail,Cohort analysis.
Utilities,Electricity,Electricity Capacity,https://github.com/datadesk/california-electricity-capacity-analysis,A Los Angeles Times analysis of California's costly power glut.
Utilities,Electricity,Electricity Systems,https://github.com/PyPSA/WHOBS,Optimal Wind+Hydrogen+Other+Battery+Solar (WHOBS) electricity systems for European countries.
Utilities,Electricity,Load Disaggregation,https://github.com/pipette/Electricity-load-disaggregation,Smart meter load disaggregation with Hidden Markov Models
Utilities,Electricity,Price Forecasting,https://github.com/farwacheema/DA-electricity-price-forecasting,Forecasting Day-Ahead electricity prices in the German bidding zone with deep neural networks.
Utilities,Electricity,Carbon Index,https://github.com/gschivley/carbon-index,"Calculation of electricity CO₂ intensity at national, state, and NERC regions from 2001-present."
Utilities,Electricity,Demand Forecasting,https://github.com/hvantil/ElectricityDemandForecasting,Electricity demand forecasting for Austin.
Utilities,Electricity,Electricity Consumption,https://github.com/un-modelling/Electricity_Consumption_Surveys,Estimating Electricity Consumption from Household Surveys
Utilities,Electricity,Household power consumption,https://github.com/amirrezaeian/Individual-household-electric-power-consumption-Data-Set-,Individual household power consumption LSTM.
Utilities,Electricity,Electricity French Distribution,http://inseaddataanalytics.github.io/INSEADAnalytics/groupprojects/group_energy.html,An analysis of electricity data provided by the French Distribution Network (RTE)
Utilities,Electricity,Renewable Power Plants,https://github.com/Open-Power-System-Data/renewable_power_plants,Time series of cumulated installed capacity.
Utilities,Electricity,Wind Farm Flow,https://github.com/FUSED-Wind/FUSED-Wake,A repository of wind plant flow models connected to FUSED-Wind.
Utilities,Electricity,Power Plant,https://github.com/YungChunLu/UCI-Power-Plant,The dataset contains 9568 data points collected from a Combined Cycle Power Plant over 6 years
Utilities,"Coal, Oil & Gas",Coal Phase Out,https://github.com/samarthiith/DE_CoalPhaseOut,Generation adequacy issues with Germany’s coal phaseout.
Utilities,"Coal, Oil & Gas",Coal Prediction,https://github.com/Jean-njoroge/coal-exploratory/tree/master/notebooks,Predicting coal production.
Utilities,"Coal, Oil & Gas",Oil & Gas,https://github.com/sdasadia/Oil-Natural-Gas-Price-Prediction,Oil & Natural Gas price prediction using ARIMA & Neural Networks
Utilities,"Coal, Oil & Gas",Gas Formula,https://github.com/cep-kse/natural_gas_formula,Calculating potential economic effect of price indexation formula.
Utilities,"Coal, Oil & Gas",Demand Prediction,https://github.com/victorpena1/Natural-Gas-Demand-Prediction,Natural gas demand prediction.
Utilities,"Coal, Oil & Gas",Consumption Forecasting,https://github.com/williamadams1/natural-gas-consumption-forecasting,Natural gas consumption forecasting.
Utilities,"Coal, Oil & Gas",Gas Trade,https://github.com/bahuisman/NatGasModel,World Model for Natural Gas Trade.
Utilities,Water & Pollution,Safe Water,https://github.com/codeforboston/safe-water,Predict health-based drinking water violations in the United States.
Utilities,Water & Pollution,Hydrology Data,https://github.com/mroberge/hydrofunctions,A suite of convenience functions for exploring water data in Python.
Utilities,Water & Pollution,Water Observatory,https://github.com/sentinel-hub/water-observatory-backend,Monitoring water levels of lakes and reservoirs using satellite imagery.
Utilities,Water & Pollution,Water Pipelines,https://github.com/wassname/pipe-segmentation,Using machine learning to find water pipelines in aerial images.
Utilities,Water & Pollution,Water Modelling,https://github.com/awracms/awra_cms_older,Australian Water Resource Assessment (AWRA) Community Modelling System.
Utilities,Water & Pollution,Drought Restrictions,https://github.com/datadesk/california-ccscore-analysis,A Los Angeles Times analysis of water usage after the state eased drought restrictions
Utilities,Water & Pollution,Flood Prediction,https://github.com/cadrev/lstm-flood-prediction,Applying LSTM on river water level data
Utilities,Water & Pollution,Sewage Overflow,,Insights into the sanitary sewage overflow (SSO).
Utilities,Water & Pollution,Water Accounting,https://github.com/johnpfay/USWaterAccounting,Assembles water budget data for the US from existing data source
Utilities,Water & Pollution,Air Quality Prediction,https://github.com/txytju/air-quality-prediction,Predict air quality(aq) in Beijing and London in the next 48 hours.
Utilities,Transportation,Transdim,https://github.com/xinychen/transdim,Creating accurate and efficient solutions for the spatio-temporal traffic data imputation and prediction tasks.
Utilities,Transportation,Transport Recommendation,https://github.com/AlanConstantine/KDD-Cup-2019-CAMMTR,Context-Aware Multi-Modal Transportation Recommendation
Utilities,Transportation,Transport Data,https://github.com/CityofToronto/bdit_data-sources,Data and notebooks for Toronto transport.
Utilities,Transportation,Transport Demand,https://github.com/pawelmorawiecki/traffic_jam_Nairobi,Predicting demand for public transportation in Nairobi.
Utilities,Transportation,Demand Estimation,https://github.com/Lemma1/DPFE,Implementation of dynamic origin-destination demand estimation.
Utilities,Transportation,Congestion Analysis,https://github.com/hackoregon/2019-transportation-data-science,Transportation systems analysis
Utilities,Transportation,TS Analysis,https://github.com/nishanthgampa/Time-Series-Analysis-on-Transportation-Data,Time series analysis on transportation data.
Utilities,Transportation,Network Graph Subway,https://github.com/fangshulin/Vulnerability-Analysis-for-Transportation-Networks,Vulnerability analysis for transportation networks.
Utilities,Transportation,Transportation Inefficiencies,https://github.com/akpen/Stockholm-0.1,Quantifying the inefficiencies of Transportation Networks
Utilities,Transportation,Train Optimisation,https://github.com/crowdAI/train-schedule-optimisation-challenge-starter-kit,Train schedule optimisation
Utilities,Transportation,Traffic Prediction,https://github.com/mratsim/McKinsey-SmartCities-Traffic-Prediction,multi attention recurrent neural networks for time-series (city traffic)
Utilities,Transportation,Predict Crashes,https://github.com/Data4Democracy/crash-model,Crash prediction modelling application that leverages multiple data sources
Utilities,Transportation,AI Supply chain,https://github.com/llSourcell/AI_Supply_Chain,Supply chain optimisation system.
Utilities,Transportation,Transfer Learning Flight Delay,https://github.com/cavaunpeu/flight-delays,Using variation encoders in Keras to predict flight delay.
Utilities,Transportation,Replenishment,https://github.com/pratishthakapoor/RetailReplenishement/tree/master/Code,Retail replenishment code for supply chain management.
Wholesale & Retail,Wholesale,Customer Analysis,https://github.com/kralmachine/WholesaleCustomerAnalysis,Wholesale customer analysis.
Wholesale & Retail,Wholesale,Distribution,https://github.com/Semionn/JB-wholesale-distribution-analysis,JB wholesale distribution analysis.
Wholesale & Retail,Wholesale,Clustering,https://github.com/prakhardogra921/Clustering-Analysis-on-customers-of-a-wholesale-distributor,Unsupervised learning techniques are applied on product spending data collected for customers
Wholesale & Retail,Wholesale,Market Basket Analysis,https://github.com/tstreamDOTh/Instacart-Market-Basket-Analysis,Instacart public dataset to report which products are often shopped together.
Wholesale & Retail,Retail,Retail Analysis,https://github.com/SarahMestiri/online-retail-case,Studying Online Retail Dataset and getting insights from it.
Wholesale & Retail,Retail,Online Insights,https://github.com/sharmaroshan/Online-Retail-Transactions-of-UK,Analyzing the Online Transactions in UK
Wholesale & Retail,Retail,Retail Use-case,https://github.com/IBM-DSE/CyberShop-Analytics,Notebooks & Data for CyberShop Retail Use Case
Wholesale & Retail,Retail,Dwell Time,https://github.com/arvindkarir/retail,Customer dwell time and other analysis.
Wholesale & Retail,Retail,Retail Cohort,https://github.com/finnqiao/cohort_online_retail,Cohort analysis.
